{
  "point.checkBonus": {
    "precision": 0.6842105263157895,
    "recall": 0.6582278481012658,
    "f1-score": 0.6709677419354839,
    "support": 79,
    "confused_with": {
      "fallback": 17,
      "point.check": 10
    }
  },
  "airportService.Service": {
    "precision": 0.9937888198757764,
    "recall": 0.9580838323353293,
    "f1-score": 0.9756097560975608,
    "support": 167,
    "confused_with": {
      "bank.turnToReal": 3,
      "fallback": 2
    }
  },
  "cardStatus.query": {
    "precision": 0.8620689655172413,
    "recall": 0.7575757575757576,
    "f1-score": 0.8064516129032258,
    "support": 66,
    "confused_with": {
      "fallback": 8,
      "cardDiscount.Discount": 5
    }
  },
  "loan.unsecuredWidget": {
    "precision": 0.64,
    "recall": 0.5517241379310345,
    "f1-score": 0.5925925925925927,
    "support": 29,
    "confused_with": {
      "loan.unsecured": 11,
      "pay.billInfo": 1
    }
  },
  "cashAdvance.enter": {
    "precision": 0.9666666666666667,
    "recall": 0.8787878787878788,
    "f1-score": 0.9206349206349207,
    "support": 33,
    "confused_with": {
      "creditLimit.queryAmount": 2,
      "fallback": 1
    }
  },
  "cpin.enter": {
    "precision": 0.9622641509433962,
    "recall": 0.9444444444444444,
    "f1-score": 0.9532710280373832,
    "support": 54,
    "confused_with": {
      "fallback": 2,
      "installment.apply": 1
    }
  },
  "rights.info": {
    "precision": 0.9759615384615384,
    "recall": 0.9712918660287081,
    "f1-score": 0.9736211031175059,
    "support": 209,
    "confused_with": {
      "fallback": 4,
      "creditLimit.queryAmount": 2
    }
  },
  "installment.apply": {
    "precision": 0.9238095238095239,
    "recall": 0.9238095238095239,
    "f1-score": 0.9238095238095239,
    "support": 105,
    "confused_with": {
      "fallback": 6,
      "pay.billInfo": 1
    }
  },
  "bank.notTurnToReal": {
    "precision": 0.0,
    "recall": 0.0,
    "f1-score": 0.0,
    "support": 7,
    "confused_with": {
      "bank.turnToReal": 7
    }
  },
  "fallback": {
    "precision": 0.5824817518248175,
    "recall": 0.6879310344827586,
    "f1-score": 0.6308300395256916,
    "support": 580,
    "confused_with": {
      "pay.billInfo": 60,
      "creditLimit.queryAmount": 20
    }
  },
  "place.bank": {
    "precision": 0.9702127659574468,
    "recall": 0.957983193277311,
    "f1-score": 0.9640591966173362,
    "support": 238,
    "confused_with": {
      "fallback": 5,
      "bank.turnToReal": 2
    }
  },
  "creditLimit.Apply": {
    "precision": 0.847457627118644,
    "recall": 0.7142857142857143,
    "f1-score": 0.7751937984496123,
    "support": 70,
    "confused_with": {
      "fallback": 16,
      "creditLimit.queryAmount": 3
    }
  },
  "cpin.cardApply": {
    "precision": 0.875,
    "recall": 0.7368421052631579,
    "f1-score": 0.7999999999999999,
    "support": 19,
    "confused_with": {
      "cpin.enter": 2,
      "cardDiscount.Discount": 1
    }
  },
  "billDetail.query": {
    "precision": 0.2,
    "recall": 0.07142857142857142,
    "f1-score": 0.10526315789473682,
    "support": 14,
    "confused_with": {
      "fallback": 7,
      "resend.bill": 3,
      "pay.billInfo": 1
    }
  },
  "roadsideAsst.callAssitant": {
    "precision": 0.995049504950495,
    "recall": 0.9436619718309859,
    "f1-score": 0.9686746987951806,
    "support": 213,
    "confused_with": {
      "fallback": 8,
      "bank.turnToReal": 2
    }
  },
  "card.lost": {
    "precision": 0.7857142857142857,
    "recall": 0.6984126984126984,
    "f1-score": 0.7394957983193275,
    "support": 63,
    "confused_with": {
      "fallback": 16,
      "cardStatus.add_doc": 1
    }
  },
  "elecbill.cancelElecBill": {
    "precision": 0.7105263157894737,
    "recall": 0.6136363636363636,
    "f1-score": 0.6585365853658537,
    "support": 44,
    "confused_with": {
      "elecbill.applyElecBill": 8,
      "fallback": 6
    }
  },
  "loan.unsecured": {
    "precision": 0.8461538461538461,
    "recall": 0.8461538461538461,
    "f1-score": 0.8461538461538461,
    "support": 91,
    "confused_with": {
      "loan.unsecuredWidget": 8,
      "fallback": 6
    }
  },
  "debitbybk.apply": {
    "precision": 0.9096774193548387,
    "recall": 0.8703703703703703,
    "f1-score": 0.889589905362776,
    "support": 162,
    "confused_with": {
      "fallback": 16,
      "pay.billInfo": 3
    }
  },
  "park.airport": {
    "precision": 0.9957081545064378,
    "recall": 0.9957081545064378,
    "f1-score": 0.9957081545064378,
    "support": 233,
    "confused_with": {
      "fallback": 1
    }
  },
  "dialogue.cardList": {
    "precision": 1.0,
    "recall": 0.3,
    "f1-score": 0.4615384615384615,
    "support": 10,
    "confused_with": {
      "bank.turnToReal": 3,
      "fallback": 2
    }
  },
  "place.prepare": {
    "precision": 0.6666666666666666,
    "recall": 0.5714285714285714,
    "f1-score": 0.6153846153846153,
    "support": 7,
    "confused_with": {
      "point.check": 2,
      "place.bank": 1
    }
  },
  "elecbill.applyElecBill": {
    "precision": 0.8080808080808081,
    "recall": 0.8602150537634409,
    "f1-score": 0.8333333333333333,
    "support": 93,
    "confused_with": {
      "elecbill.cancelElecBill": 7,
      "resend.bill": 2
    }
  },
  "creditLimit.queryAmount": {
    "precision": 0.6311475409836066,
    "recall": 0.6260162601626016,
    "f1-score": 0.6285714285714286,
    "support": 123,
    "confused_with": {
      "fallback": 29,
      "pay.billInfo": 12
    }
  },
  "place.atm": {
    "precision": 0.9705882352941176,
    "recall": 0.9041095890410958,
    "f1-score": 0.9361702127659575,
    "support": 73,
    "confused_with": {
      "fallback": 6,
      "place.bank": 1
    }
  },
  "resend.bill": {
    "precision": 0.5535714285714286,
    "recall": 0.5254237288135594,
    "f1-score": 0.5391304347826087,
    "support": 59,
    "confused_with": {
      "fallback": 14,
      "pay.billInfo": 8
    }
  },
  "bank.turnToReal": {
    "precision": 0.48936170212765956,
    "recall": 0.5348837209302325,
    "f1-score": 0.5111111111111111,
    "support": 43,
    "confused_with": {
      "fallback": 16,
      "elecbill.applyElecBill": 1
    }
  },
  "pay.billInfo": {
    "precision": 0.7369942196531792,
    "recall": 0.7522123893805309,
    "f1-score": 0.7445255474452556,
    "support": 339,
    "confused_with": {
      "fallback": 65,
      "creditLimit.queryAmount": 11
    }
  },
  "cardDiscount.Discount": {
    "precision": 0.7936507936507936,
    "recall": 0.7352941176470589,
    "f1-score": 0.7633587786259542,
    "support": 68,
    "confused_with": {
      "fallback": 10,
      "creditLimit.queryAmount": 3
    }
  },
  "cardStatus.add_doc": {
    "precision": 0.8666666666666667,
    "recall": 0.7222222222222222,
    "f1-score": 0.7878787878787877,
    "support": 54,
    "confused_with": {
      "fallback": 9,
      "cardStatus.query": 2
    }
  },
  "point.check": {
    "precision": 0.574468085106383,
    "recall": 0.5510204081632653,
    "f1-score": 0.5625,
    "support": 49,
    "confused_with": {
      "point.checkBonus": 12,
      "fallback": 10
    }
  },
  "accuracy": 0.8034767236299352,
  "macro avg": {
    "precision": 0.7683209035406944,
    "recall": 0.7052640443295075,
    "f1-score": 0.7281924571469842,
    "support": 3394
  },
  "weighted avg": {
    "precision": 0.8095602366425242,
    "recall": 0.8034767236299352,
    "f1-score": 0.8044293833305537,
    "support": 3394
  }
}