{
  "park_location": {
    "precision": 0.0,
    "recall": 0.0,
    "f1-score": 0.0,
    "support": 18
  },
  "action": {
    "precision": 0.0,
    "recall": 0.0,
    "f1-score": 0.0,
    "support": 7
  },
  "pay_method": {
    "precision": 0.7383177570093458,
    "recall": 0.5163398692810458,
    "f1-score": 0.6076923076923078,
    "support": 153
  },
  "pay_amount": {
    "precision": 0.7745098039215687,
    "recall": 0.6810344827586207,
    "f1-score": 0.724770642201835,
    "support": 116
  },
  "micro avg": {
    "precision": 0.7417840375586855,
    "recall": 0.5374149659863946,
    "f1-score": 0.6232741617357004,
    "support": 294
  },
  "macro avg": {
    "precision": 0.3782068902327286,
    "recall": 0.2993435880099166,
    "f1-score": 0.3331157374735357,
    "support": 294
  },
  "weighted avg": {
    "precision": 0.6898154900589519,
    "recall": 0.5374149659863946,
    "f1-score": 0.6022119645317549,
    "support": 294
  }
}