{
  "creditLimit.Apply": {
    "precision": 0.782608695652174,
    "recall": 0.7714285714285715,
    "f1-score": 0.7769784172661871,
    "support": 70,
    "confused_with": {
      "fallback": 11,
      "creditLimit.queryAmount": 4
    }
  },
  "point.check": {
    "precision": 0.52,
    "recall": 0.5306122448979592,
    "f1-score": 0.5252525252525252,
    "support": 49,
    "confused_with": {
      "point.checkBonus": 11,
      "fallback": 11
    }
  },
  "rights.info": {
    "precision": 0.9900990099009901,
    "recall": 0.9569377990430622,
    "f1-score": 0.97323600973236,
    "support": 209,
    "confused_with": {
      "fallback": 4,
      "roadsideAsst.callAssitant": 1
    }
  },
  "resend.bill": {
    "precision": 0.5833333333333334,
    "recall": 0.4745762711864407,
    "f1-score": 0.5233644859813085,
    "support": 59,
    "confused_with": {
      "fallback": 14,
      "pay.billInfo": 8
    }
  },
  "cardStatus.add_doc": {
    "precision": 0.8666666666666667,
    "recall": 0.7222222222222222,
    "f1-score": 0.7878787878787877,
    "support": 54,
    "confused_with": {
      "fallback": 10,
      "cardStatus.query": 3
    }
  },
  "cpin.enter": {
    "precision": 0.9615384615384616,
    "recall": 0.9259259259259259,
    "f1-score": 0.9433962264150944,
    "support": 54,
    "confused_with": {
      "fallback": 3,
      "cpin.cardApply": 1
    }
  },
  "airportService.Service": {
    "precision": 0.9760479041916168,
    "recall": 0.9760479041916168,
    "f1-score": 0.9760479041916168,
    "support": 167,
    "confused_with": {
      "park.airport": 2,
      "pay.billInfo": 1
    }
  },
  "cardDiscount.Discount": {
    "precision": 0.8,
    "recall": 0.7647058823529411,
    "f1-score": 0.7819548872180452,
    "support": 68,
    "confused_with": {
      "fallback": 11,
      "cardStatus.add_doc": 1
    }
  },
  "pay.billInfo": {
    "precision": 0.7319884726224783,
    "recall": 0.7492625368731564,
    "f1-score": 0.7405247813411078,
    "support": 339,
    "confused_with": {
      "fallback": 63,
      "creditLimit.queryAmount": 10
    }
  },
  "point.checkBonus": {
    "precision": 0.6923076923076923,
    "recall": 0.6835443037974683,
    "f1-score": 0.6878980891719746,
    "support": 79,
    "confused_with": {
      "fallback": 15,
      "point.check": 10
    }
  },
  "cpin.cardApply": {
    "precision": 0.7619047619047619,
    "recall": 0.8421052631578947,
    "f1-score": 0.8,
    "support": 19,
    "confused_with": {
      "cardDiscount.Discount": 1,
      "pay.billInfo": 1
    }
  },
  "elecbill.applyElecBill": {
    "precision": 0.7916666666666666,
    "recall": 0.8172043010752689,
    "f1-score": 0.8042328042328043,
    "support": 93,
    "confused_with": {
      "elecbill.cancelElecBill": 12,
      "fallback": 3
    }
  },
  "billDetail.query": {
    "precision": 0.5833333333333334,
    "recall": 0.5,
    "f1-score": 0.5384615384615384,
    "support": 14,
    "confused_with": {
      "fallback": 5,
      "pay.billInfo": 1
    }
  },
  "cashAdvance.enter": {
    "precision": 0.9354838709677419,
    "recall": 0.8787878787878788,
    "f1-score": 0.90625,
    "support": 33,
    "confused_with": {
      "creditLimit.queryAmount": 2,
      "installment.apply": 1
    }
  },
  "bank.notTurnToReal": {
    "precision": 0.8571428571428571,
    "recall": 0.8571428571428571,
    "f1-score": 0.8571428571428571,
    "support": 7,
    "confused_with": {
      "bank.turnToReal": 1
    }
  },
  "roadsideAsst.callAssitant": {
    "precision": 0.9457013574660633,
    "recall": 0.9812206572769953,
    "f1-score": 0.9631336405529953,
    "support": 213,
    "confused_with": {
      "fallback": 3,
      "cardStatus.query": 1
    }
  },
  "bank.turnToReal": {
    "precision": 0.8108108108108109,
    "recall": 0.6976744186046512,
    "f1-score": 0.75,
    "support": 43,
    "confused_with": {
      "fallback": 6,
      "roadsideAsst.callAssitant": 1
    }
  },
  "fallback": {
    "precision": 0.5811023622047244,
    "recall": 0.6362068965517241,
    "f1-score": 0.6074074074074075,
    "support": 580,
    "confused_with": {
      "pay.billInfo": 69,
      "creditLimit.queryAmount": 23
    }
  },
  "dialogue.cardList": {
    "precision": 0.625,
    "recall": 0.5,
    "f1-score": 0.5555555555555556,
    "support": 10,
    "confused_with": {
      "fallback": 4,
      "bank.turnToReal": 1
    }
  },
  "loan.unsecuredWidget": {
    "precision": 0.6153846153846154,
    "recall": 0.5517241379310345,
    "f1-score": 0.5818181818181819,
    "support": 29,
    "confused_with": {
      "loan.unsecured": 10,
      "fallback": 3
    }
  },
  "cardStatus.query": {
    "precision": 0.7285714285714285,
    "recall": 0.7727272727272727,
    "f1-score": 0.75,
    "support": 66,
    "confused_with": {
      "fallback": 9,
      "cardDiscount.Discount": 3
    }
  },
  "place.atm": {
    "precision": 0.9315068493150684,
    "recall": 0.9315068493150684,
    "f1-score": 0.9315068493150684,
    "support": 73,
    "confused_with": {
      "fallback": 3,
      "place.bank": 1
    }
  },
  "card.lost": {
    "precision": 0.8653846153846154,
    "recall": 0.703125,
    "f1-score": 0.7758620689655172,
    "support": 64,
    "confused_with": {
      "fallback": 16,
      "cardStatus.add_doc": 1
    }
  },
  "place.bank": {
    "precision": 0.9742489270386266,
    "recall": 0.9537815126050421,
    "f1-score": 0.9639065817409767,
    "support": 238,
    "confused_with": {
      "fallback": 5,
      "pay.billInfo": 2
    }
  },
  "place.prepare": {
    "precision": 1.0,
    "recall": 0.8571428571428571,
    "f1-score": 0.923076923076923,
    "support": 7,
    "confused_with": {
      "place.bank": 1
    }
  },
  "elecbill.cancelElecBill": {
    "precision": 0.627906976744186,
    "recall": 0.6136363636363636,
    "f1-score": 0.6206896551724139,
    "support": 44,
    "confused_with": {
      "elecbill.applyElecBill": 12,
      "resend.bill": 3
    }
  },
  "park.airport": {
    "precision": 0.9913419913419913,
    "recall": 0.9828326180257511,
    "f1-score": 0.9870689655172413,
    "support": 233,
    "confused_with": {
      "roadsideAsst.callAssitant": 2,
      "fallback": 1
    }
  },
  "creditLimit.queryAmount": {
    "precision": 0.616,
    "recall": 0.6260162601626016,
    "f1-score": 0.6209677419354838,
    "support": 123,
    "confused_with": {
      "fallback": 29,
      "pay.billInfo": 9
    }
  },
  "installment.apply": {
    "precision": 0.9142857142857143,
    "recall": 0.9142857142857143,
    "f1-score": 0.9142857142857143,
    "support": 105,
    "confused_with": {
      "fallback": 9
    }
  },
  "loan.unsecured": {
    "precision": 0.8795180722891566,
    "recall": 0.8021978021978022,
    "f1-score": 0.8390804597701149,
    "support": 91,
    "confused_with": {
      "loan.unsecuredWidget": 8,
      "fallback": 7
    }
  },
  "debitbybk.apply": {
    "precision": 0.9044585987261147,
    "recall": 0.8765432098765432,
    "f1-score": 0.890282131661442,
    "support": 162,
    "confused_with": {
      "fallback": 17,
      "pay.billInfo": 2
    }
  },
  "accuracy": 0.8023564064801179,
  "macro avg": {
    "precision": 0.801462711154577,
    "recall": 0.7693911462071834,
    "f1-score": 0.7837826190664918,
    "support": 3395
  },
  "weighted avg": {
    "precision": 0.8066043154396904,
    "recall": 0.8023564064801179,
    "f1-score": 0.803622881920015,
    "support": 3395
  }
}